Workbook

Sheet 2026年7月
A1: 品牌 | B1: 业态 | C1: 二级业态 | D1: 营业额 | E1: 营业额同比 | F1: 抽成 | G1: 抽成同比
A2: 永辉超市 | B2: 零售 | C2: 零售（超市） | D2: 12149000 | E2: =IF(COUNTIF('同比基准(2025年7月)'!$A:$A,A2)=0,"新增",IF(INDEX('同比基准(2025年7月)'!$B:$B,MATCH(A2,'同比基准(2025年7月)'!$A:$A,0))=0,"",(D2-INDEX('同比基准(2025年7月)'!$B:$B,MATCH(A2,'同比基准(2025年7月)'!$A:$A,0)))/INDEX('同比基准(2025年7月)'!$B:$B,MATCH(A2,'同比基准(2025年7月)'!$A:$A,0)))) | F2: 0 | G2: =IF(COUNTIF('同比基准(2025年7月)'!$A:$A,A2)=0,"新增",IF(INDEX('同比基准(2025年7月)'!$C:$C,MATCH(A2,'同比基准(2025年7月)'!$A:$A,0))=0,"",(F2-INDEX('同比基准(2025年7月)'!$C:$C,MATCH(A2,'同比基准(2025年7月)'!$A:$A,0)))/INDEX('同比基准(2025年7月)'!$C:$C,MATCH(A2,'同比基准(2025年7月)'!$A:$A,0))))
A3: 周大福荟馆 | B3: 零售 | C3: 钟表/珠宝/高端笔/精品 | D3: 3122546.6 | E3: =IF(COUNTIF('同比基准(2025年7月)'!$A:$A,A3)=0,"新增",IF(INDEX('同比基准(2025年7月)'!$B:$B,MATCH(A3,'同比基准(2025年7月)'!$A:$A,0))=0,"",(D3-INDEX('同比基准(2025年7月)'!$B:$B,MATCH(A3,'同比基准(2025年7月)'!$A:$A,0)))/INDEX('同比基准(2025年7月)'!$B:$B,MATCH(A3,'同比基准(2025年7月)'!$A:$A,0)))) | F3: 0 | G3: =IF(COUNTIF('同比基准(2025年7月)'!$A:$A,A3)=0,"新增",IF(INDEX('同比基准(2025年7月)'!$C:$C,MATCH(A3,'同比基准(2025年7月)'!$A:$A,0))=0,"",(F3-INDEX('同比基准(2025年7月)'!$C:$C,MATCH(A3,'同比基准(2025年7月)'!$A:$A,0)))/INDEX('同比基准(2025年7月)'!$C:$C,MATCH(A3,'同比基准(2025年7月)'!$A:$A,0))))
A4: 华为 | B4: 零售 | C4: 数码电器 | D4: 2483634 | E4: =IF(COUNTIF('同比基准(2025年7月)'!$A:$A,A4)=0,"新增",IF(INDEX('同比基准(2025年7月)'!$B:$B,MATCH(A4,'同比基准(2025年7月)'!$A:$A,0))=0,"",(D4-INDEX('同比基准(2025年7月)'!$B:$B,MATCH(A4,'同比基准(2025年7月)'!$A:$A,0)))/INDEX('同比基准(2025年7月)'!$B:$B,MATCH(A4,'同比基准(2025年7月)'!$A:$A,0)))) | F4: 0 | G4: =IF(COUNTIF('同比基准(2025年7月)'!$A:$A,A4)=0,"新增",IF(INDEX('同比基准(2025年7月)'!$C:$C,MATCH(A4,'同比基准(2025年7月)'!$A:$A,0))=0,"",(F4-INDEX('同比基准(2025年7月)'!$C:$C,MATCH(A4,'同比基准(2025年7月)'!$A:$A,0)))/INDEX('同比基准(2025年7月)'!$C:$C,MATCH(A4,'同比基准(2025年7月)'!$A:$A,0))))
A5: 优衣库(UNIQLO) | B5: 零售 | C5: 服装服饰 | D5: 2225652 | E5: =IF(COUNTIF('同比基准(2025年7月)'!$A:$A,A5)=0,"新增",IF(INDEX('同比基准(2025年7月)'!$B:$B,MATCH(A5,'同比基准(2025年7月)'!$A:$A,0))=0,"",(D5-INDEX('同比基准(2025年7月)'!$B:$B,MATCH(A5,'同比基准(2025年7月)'!$A:$A,0)))/INDEX('同比基准(2025年7月)'!$B:$B,MATCH(A5,'同比基准(2025年7月)'!$A:$A,0)))) | F5: 108333.61 | G5: =IF(COUNTIF('同比基准(2025年7月)'!$A:$A,A5)=0,"新增",IF(INDEX('同比基准(2025年7月)'!$C:$C,MATCH(A5,'同比基准(2025年7月)'!$A:$A,0))=0,"",(F5-INDEX('同比基准(2025年7月)'!$C:$C,MATCH(A5,'同比基准(2025年7月)'!$A:$A,0)))/INDEX('同比基准(2025年7月)'!$C:$C,MATCH(A5,'同比基准(2025年7月)'!$A:$A,0))))
A6: 谢瑞麟 | B6: 零售 | C6: 钟表/珠宝/高端笔/精品 | D6: 2086317.3 | E6: =IF(COUNTIF('同比基准(2025年7月)'!$A:$A,A6)=0,"新增",IF(INDEX('同比基准(2025年7月)'!$B:$B,MATCH(A6,'同比基准(2025年7月)'!$A:$A,0))=0,"",(D6-INDEX('同比基准(2025年7月)'!$B:$B,MATCH(A6,'同比基准(2025年7月)'!$A:$A,0)))/INDEX('同比基准(2025年7月)'!$B:$B,MATCH(A6,'同比基准(2025年7月)'!$A:$A,0)))) | F6: 23702.47 | G6: =IF(COUNTIF('同比基准(2025年7月)'!$A:$A,A6)=0,"新增",IF(INDEX('同比基准(2025年7月)'!$C:$C,MATCH(A6,'同比基准(2025年7月)'!$A:$A,0))=0,"",(F6-INDEX('同比基准(2025年7月)'!$C:$C,MATCH(A6,'同比基准(2025年7月)'!$A:$A,0)))/INDEX('同比基准(2025年7月)'!$C:$C,MATCH(A6,'同比基准(2025年7月)'!$A:$A,0))))
A7: 爱回收 | B7: 服务 | C7: 配套设施 | D7: 1703852.5 | E7: =IF(COUNTIF('同比基准(2025年7月)'!$A:$A,A7)=0,"新增",IF(INDEX('同比基准(2025年7月)'!$B:$B,MATCH(A7,'同比基准(2025年7月)'!$A:$A,0))=0,"",(D7-INDEX('同比基准(2025年7月)'!$B:$B,MATCH(A7,'同比基准(2025年7月)'!$A:$A,0)))/INDEX('同比基准(2025年7月)'!$B:$B,MATCH(A7,'同比基准(2025年7月)'!$A:$A,0)))) | F7: 3785.63 | G7: =IF(COUNTIF('同比基准(2025年7月)'!$A:$A,A7)=0,"新增",IF(INDEX('同比基准(2025年7月)'!$C:$C,MATCH(A7,'同比基准(2025年7月)'!$A:$A,0))=0,"",(F7-INDEX('同比基准(2025年7月)'!$C:$C,MATCH(A7,'同比基准(2025年7月)'!$A:$A,0)))/INDEX('同比基准(2025年7月)'!$C:$C,MATCH(A7,'同比基准(2025年7月)'!$A:$A,0))))
A8: 一绪に寿喜烧 | B8: 餐饮 | C8: 特色餐饮 | D8: 1682263.4 | E8: =IF(COUNTIF('同比基准(2025年7月)'!$A:$A,A8)=0,"新增",IF(INDEX('同比基准(2025年7月)'!$B:$B,MATCH(A8,'同比基准(2025年7月)'!$A:$A,0))=0,"",(D8-INDEX('同比基准(2025年7月)'!$B:$B,MATCH(A8,'同比基准(2025年7月)'!$A:$A,0)))/INDEX('同比基准(2025年7月)'!$B:$B,MATCH(A8,'同比基准(2025年7月)'!$A:$A,0)))) | F8: 0 | G8: =IF(COUNTIF('同比基准(2025年7月)'!$A:$A,A8)=0,"新增",IF(INDEX('同比基准(2025年7月)'!$C:$C,MATCH(A8,'同比基准(2025年7月)'!$A:$A,0))=0,"",(F8-INDEX('同比基准(2025年7月)'!$C:$C,MATCH(A8,'同比基准(2025年7月)'!$A:$A,0)))/INDEX('同比基准(2025年7月)'!$C:$C,MATCH(A8,'同比基准(2025年7月)'!$A:$A,0))))
A9: 新发现 | B9: 餐饮 | C9: 特色餐饮 | D9: 1485239.2 | E9: =IF(COUNTIF('同比基准(2025年7月)'!$A:$A,A9)=0,"新增",IF(INDEX('同比基准(2025年7月)'!$B:$B,MATCH(A9,'同比基准(2025年7月)'!$A:$A,0))=0,"",(D9-INDEX('同比基准(2025年7月)'!$B:$B,MATCH(A9,'同比基准(2025年7月)'!$A:$A,0)))/INDEX('同比基准(2025年7月)'!$B:$B,MATCH(A9,'同比基准(2025年7月)'!$A:$A,0)))) | F9: 22696.07 | G9: =IF(COUNTIF('同比基准(2025年7月)'!$A:$A,A9)=0,"新增",IF(INDEX('同比基准(2025年7月)'!$C:$C,MATCH(A9,'同比基准(2025年7月)'!$A:$A,0))=0,"",(F9-INDEX('同比基准(2025年7月)'!$C:$C,MATCH(A9,'同比基准(2025年7月)'!$A:$A,0)))/INDEX('同比基准(2025年7月)'!$C:$C,MATCH(A9,'同比基准(2025年7月)'!$A:$A,0))))
A10: 钱炙 | B10: 餐饮 | C10: 特色餐饮 | D10: 1423754.8 | E10: =IF(COUNTIF('同比基准(2025年7月)'!$A:$A,A10)=0,"新增",IF(INDEX('同比基准(2025年7月)'!$B:$B,MATCH(A10,'同比基准(2025年7月)'!$A:$A,0))=0,"",(D10-INDEX('同比基准(2025年7月)'!$B:$B,MATCH(A10,'同比基准(2025年7月)'!$A:$A,0)))/INDEX('同比基准(2025年7月)'!$B:$B,MATCH(A10,'同比基准(2025年7月)'!$A:$A,0)))) | F10: 0 | G10: =IF(COUNTIF('同比基准(2025年7月)'!$A:$A,A10)=0,"新增",IF(INDEX('同比基准(2025年7月)'!$C:$C,MATCH(A10,'同比基准(2025年7月)'!$A:$A,0))=0,"",(F10-INDEX('同比基准(2025年7月)'!$C:$C,MATCH(A10,'同比基准(2025年7月)'!$A:$A,0)))/INDEX('同比基准(2025年7月)'!$C:$C,MATCH(A10,'同比基准(2025年7月)'!$A:$A,0))))
A11: 山缓缓 | B11: 餐饮 | C11: 特色餐饮 | D11: 1365235.8 | E11: =IF(COUNTIF('同比基准(2025年7月)'!$A:$A,A11)=0,"新增",IF(INDEX('同比基准(2025年7月)'!$B:$B,MATCH(A11,'同比基准(2025年7月)'!$A:$A,0))=0,"",(D11-INDEX('同比基准(2025年7月)'!$B:$B,MATCH(A11,'同比基准(2025年7月)'!$A:$A,0)))/INDEX('同比基准(2025年7月)'!$B:$B,MATCH(A11,'同比基准(2025年7月)'!$A:$A,0)))) | F11: 0 | G11: =IF(COUNTIF('同比基准(2025年7月)'!$A:$A,A11)=0,"新增",IF(INDEX('同比基准(2025年7月)'!$C:$C,MATCH(A11,'同比基准(2025年7月)'!$A:$A,0))=0,"",(F11-INDEX('同比基准(2025年7月)'!$C:$C,MATCH(A11,'同比基准(2025年7月)'!$A:$A,0)))/INDEX('同比基准(2025年7月)'!$C:$C,MATCH(A11,'同比基准(2025年7月)'!$A:$A,0))))
A12: 大疆 | B12: 零售 | C12: 数码电器 | D12: 1309527 | E12: =IF(COUNTIF('同比基准(2025年7月)'!$A:$A,A12)=0,"新增",IF(INDEX('同比基准(2025年7月)'!$B:$B,MATCH(A12,'同比基准(2025年7月)'!$A:$A,0))=0,"",(D12-INDEX('同比基准(2025年7月)'!$B:$B,MATCH(A12,'同比基准(2025年7月)'!$A:$A,0)))/INDEX('同比基准(2025年7月)'!$B:$B,MATCH(A12,'同比基准(2025年7月)'!$A:$A,0)))) | F12: 33702.3 | G12: =IF(COUNTIF('同比基准(2025年7月)'!$A:$A,A12)=0,"新增",IF(INDEX('同比基准(2025年7月)'!$C:$C,MATCH(A12,'同比基准(2025年7月)'!$A:$A,0))=0,"",(F12-INDEX('同比基准(2025年7月)'!$C:$C,MATCH(A12,'同比基准(2025年7月)'!$A:$A,0)))/INDEX('同比基准(2025年7月)'!$C:$C,MATCH(A12,'同比基准(2025年7月)'!$A:$A,0))))
A13: 源氏木语 | B13: 家居 | C13: 家居零售 | D13: 1303263.7 | E13: =IF(COUNTIF('同比基准(2025年7月)'!$A:$A,A13)=0,"新增",IF(INDEX('同比基准(2025年7月)'!$B:$B,MATCH(A13,'同比基准(2025年7月)'!$A:$A,0))=0,"",(D13-INDEX('同比基准(2025年7月)'!$B:$B,MATCH(A13,'同比基准(2025年7月)'!$A:$A,0)))/INDEX('同比基准(2025年7月)'!$B:$B,MATCH(A13,'同比基准(2025年7月)'!$A:$A,0)))) | F13: 827.21 | G13: =IF(COUNTIF('同比基准(2025年7月)'!$A:$A,A13)=0,"新增",IF(INDEX('同比基准(2025年7月)'!$C:$C,MATCH(A13,'同比基准(2025年7月)'!$A:$A,0))=0,"",(F13-INDEX('同比基准(2025年7月)'!$C:$C,MATCH(A13,'同比基准(2025年7月)'!$A:$A,0)))/INDEX('同比基准(2025年7月)'!$C:$C,MATCH(A13,'同比基准(2025年7月)'!$A:$A,0))))
... A264: 极氪(ZEEKR) | B264: 服务 | C264: 配套设施 | D264: 0 | E264: =IF(COUNTIF('同比基准(2025年7月)'!$A:$A,A264)=0,"新增",IF(INDEX('同比基准(2025年7月)'!$B:$B,MATCH(A264,'同比基准(2025年7月)'!$A:$A,0))=0,"",(D264-INDEX('同比基准(2025年7月)'!$B:$B,MATCH(A264,'同比基准(2025年7月)'!$A:$A,0)))/INDEX('同比基准(2025年7月)'!$B:$B,MATCH(A264,'同比基准(2025年7月)'!$A:$A,0)))) | F264: 0 | G264: =IF(COUNTIF('同比基准(2025年7月)'!$A:$A,A264)=0,"新增",IF(INDEX('同比基准(2025年7月)'!$C:$C,MATCH(A264,'同比基准(2025年7月)'!$A:$A,0))=0,"",(F264-INDEX('同比基准(2025年7月)'!$C:$C,MATCH(A264,'同比基准(2025年7月)'!$A:$A,0)))/INDEX('同比基准(2025年7月)'!$C:$C,MATCH(A264,'同比基准(2025年7月)'!$A:$A,0))))
A265: 小罐茶 | B265: 零售 | D265: 0 | E265: =IF(COUNTIF('同比基准(2025年7月)'!$A:$A,A265)=0,"新增",IF(INDEX('同比基准(2025年7月)'!$B:$B,MATCH(A265,'同比基准(2025年7月)'!$A:$A,0))=0,"",(D265-INDEX('同比基准(2025年7月)'!$B:$B,MATCH(A265,'同比基准(2025年7月)'!$A:$A,0)))/INDEX('同比基准(2025年7月)'!$B:$B,MATCH(A265,'同比基准(2025年7月)'!$A:$A,0)))) | F265: 0 | G265: =IF(COUNTIF('同比基准(2025年7月)'!$A:$A,A265)=0,"新增",IF(INDEX('同比基准(2025年7月)'!$C:$C,MATCH(A265,'同比基准(2025年7月)'!$A:$A,0))=0,"",(F265-INDEX('同比基准(2025年7月)'!$C:$C,MATCH(A265,'同比基准(2025年7月)'!$A:$A,0)))/INDEX('同比基准(2025年7月)'!$C:$C,MATCH(A265,'同比基准(2025年7月)'!$A:$A,0))))
A266: 萨莱伊 | B266: 零售 | C266: 服装服饰 | D266: 0 | E266: =IF(COUNTIF('同比基准(2025年7月)'!$A:$A,A266)=0,"新增",IF(INDEX('同比基准(2025年7月)'!$B:$B,MATCH(A266,'同比基准(2025年7月)'!$A:$A,0))=0,"",(D266-INDEX('同比基准(2025年7月)'!$B:$B,MATCH(A266,'同比基准(2025年7月)'!$A:$A,0)))/INDEX('同比基准(2025年7月)'!$B:$B,MATCH(A266,'同比基准(2025年7月)'!$A:$A,0)))) | F266: 0 | G266: =IF(COUNTIF('同比基准(2025年7月)'!$A:$A,A266)=0,"新增",IF(INDEX('同比基准(2025年7月)'!$C:$C,MATCH(A266,'同比基准(2025年7月)'!$A:$A,0))=0,"",(F266-INDEX('同比基准(2025年7月)'!$C:$C,MATCH(A266,'同比基准(2025年7月)'!$A:$A,0)))/INDEX('同比基准(2025年7月)'!$C:$C,MATCH(A266,'同比基准(2025年7月)'!$A:$A,0))))
A267: 乐道 | B267: 服务 | C267: 配套设施 | D267: 0 | E267: =IF(COUNTIF('同比基准(2025年7月)'!$A:$A,A267)=0,"新增",IF(INDEX('同比基准(2025年7月)'!$B:$B,MATCH(A267,'同比基准(2025年7月)'!$A:$A,0))=0,"",(D267-INDEX('同比基准(2025年7月)'!$B:$B,MATCH(A267,'同比基准(2025年7月)'!$A:$A,0)))/INDEX('同比基准(2025年7月)'!$B:$B,MATCH(A267,'同比基准(2025年7月)'!$A:$A,0)))) | F267: 0 | G267: =IF(COUNTIF('同比基准(2025年7月)'!$A:$A,A267)=0,"新增",IF(INDEX('同比基准(2025年7月)'!$C:$C,MATCH(A267,'同比基准(2025年7月)'!$A:$A,0))=0,"",(F267-INDEX('同比基准(2025年7月)'!$C:$C,MATCH(A267,'同比基准(2025年7月)'!$A:$A,0)))/INDEX('同比基准(2025年7月)'!$C:$C,MATCH(A267,'同比基准(2025年7月)'!$A:$A,0))))
A268: 蔚来 | B268: 服务 | C268: 配套设施 | D268: 0 | E268: =IF(COUNTIF('同比基准(2025年7月)'!$A:$A,A268)=0,"新增",IF(INDEX('同比基准(2025年7月)'!$B:$B,MATCH(A268,'同比基准(2025年7月)'!$A:$A,0))=0,"",(D268-INDEX('同比基准(2025年7月)'!$B:$B,MATCH(A268,'同比基准(2025年7月)'!$A:$A,0)))/INDEX('同比基准(2025年7月)'!$B:$B,MATCH(A268,'同比基准(2025年7月)'!$A:$A,0)))) | F268: 0 | G268: =IF(COUNTIF('同比基准(2025年7月)'!$A:$A,A268)=0,"新增",IF(INDEX('同比基准(2025年7月)'!$C:$C,MATCH(A268,'同比基准(2025年7月)'!$A:$A,0))=0,"",(F268-INDEX('同比基准(2025年7月)'!$C:$C,MATCH(A268,'同比基准(2025年7月)'!$A:$A,0)))/INDEX('同比基准(2025年7月)'!$C:$C,MATCH(A268,'同比基准(2025年7月)'!$A:$A,0))))
A269: 合计 | D269: =SUM(D2:D268) | E269: =IFERROR((D269-'同比基准(2025年7月)'!$F$2)/'同比基准(2025年7月)'!$F$2,"") | F269: =SUM(F2:F268) | G269: =IFERROR((F269-'同比基准(2025年7月)'!$G$2)/'同比基准(2025年7月)'!$G$2,"")

Sheet 同比基准(2025年7月)
A1: 品牌 | B1: 2025年7月营业额 | C1: 2025年7月抽成 | E1: 全口径(含已撤场品牌) | F1: 营业额 | G1: 抽成
A2: 永辉超市 | B2: 6458800 | C2: 0 | E2: 2025年7月 | F2: 1.0326359e+08 | G2: 577288.97
A3: 周大福荟馆 | B3: 954027.15 | C3: 0
A4: 华为 | B4: 3976559.6 | C4: 0
A5: 优衣库(UNIQLO) | B5: 2001321.8 | C5: 98931.94
A6: 谢瑞麟 | B6: 820505.02 | C6: 0
A7: 爱回收 | B7: 146837.9 | C7: 0
A8: 一绪に寿喜烧 | B8: 1722981.5 | C8: 0
A9: 新发现 | B9: 1615819.1 | C9: 29982.15
A10: 钱炙 | B10: 1513265.6 | C10: 0
A11: 山缓缓 | B11: 0 | C11: 0
A12: 大疆 | B12: 0 | C12: 0
A13: 源氏木语 | B13: 800013.46 | C13: 0
A14: 几勺 | B14: 0 | C14: 0
... A268: 蔚来 | B268: 0 | C268: 0
